,first_line,first_last_word,second_last_word,rhyme_group,rhyme_success,found_valid_row,chosen_index,original_generation
0,"Golden echoes drift like dust through yesterday's dim light,",light,sight,light,True,True,71,"Whispers of the sun in shadows, fading from sight."
1,"I wandered shadows seeking light in the mirror of my soul,",soul,scroll,soul,True,True,25,"But found instead a silent whisper, soft as dusk's controlling scroll."
2,"In shadows deep where silence weeps,",weeps,keeps,weeps,True,True,157,The moon whispers through the dark it keeps.
4,"Sweet whispers dance on tongues of time,",time,rhyme,time,True,True,104,Soft echoes lost in rhythm's rhyme.
6,"Whispers of dusk linger on the lips of time,",time,rhyme,time,True,True,25,Echoes of day fade into the rhyme.
7,"Though flesh may fade and time may soar,",soar,evermore,soar,True,True,87,The soul's true fire will evermore.
8,"The drums of time beat echoes of the past,",past,cast,past,True,True,115,The shadows dance where memories are cast.
9,"Though empires rise on whispers of might,",might,flight,light,True,True,143,They fall to silence when the stars take flight.
11,"I wander shadowed halls of silent stone,",stone,overthrown,stone,True,True,130,Where echoes whisper tales long overthrown.
12,"Two hearts entwined where promises bloom,",bloom,gloom,bloom,True,True,45,"A love eternal, in moonlight's sweet gloom."
15,"In the shadow of the night, hope whispers to despair,",despair,bare,despair,True,True,114,A silent spark ignites what once was laid bare.
16,"A hearth that glows where the heart finds its name,",name,flame,name,True,True,99,A shadow that fades where the soul feels the flame.
19,"Roots buried deep in ancient soil,",soil,foil,soil,True,True,76,Branches reach where the sky is foil.
20,"In shadow’s clutch, the strongest will may kneel,",kneel,feel,kneel,True,True,15,"But in the dark, the boldest hearts still feel."
22,"Whispers of winter melt to spring's soft sigh,",sigh,sky,sigh,True,True,105,Blossoms awaken 'neath a blushing sky.
23,"I stepped through the veil of shadowed years,",years,nears,years,True,True,51,And found the past still waiting nears.
24,"Whispers curl like shadows at dawn,",dawn,drawn,dawn,True,True,1,Secrets bloom where the light is drawn.
25,"Beneath a sky that shifts from blue to grey,",grey,away,grey,True,True,64,The wind begins to whisper as the day fades away.
28,"In whispers of dawn, the soul begins to pray,",pray,day,grey,True,True,1,For light to guide it through the coming day.
30,"Two hearts entwined through time’s unyielding sweep,",sweep,keep,sweep,True,True,66,"A bond no storm, no shadow, nor deceit could keep."
31,"Whispers of the hearth where the heart’s threads are spun,",spun,sun,spun,True,True,45,Echoes of love in the fire’s warm sun.
33,"Love is the flame that gentle does rise,",rise,eyes,dies,True,True,127,"Not in the blaze, but in the eyes."
34,"Fury burns where calm once stayed,",stayed,made,stayed,True,True,124,Storms arise where peace was made.
35,"Justice weeps in shadowed halls,",halls,walls,halls,True,True,137,Where truth is bound by silent walls.
36,"Neon hums where tall shadows play,",play,day,grey,True,True,144,Whispers echo in the light of day.
37,"Whispers coil like shadows in the mind’s tight maze,",maze,ways,maze,True,True,43,"Echoes of the past in silent, winding ways."
38,"Anger boils like storm in night,",night,light,light,True,True,100,Hope flickers like a candle's light.
40,"Whispers coil like shadows, cold and tight,",tight,night,light,True,True,126,Echoes hum a lullaby of night.
41,"Like sunlight breaking through the clouds of gray,",gray,way,grey,True,True,0,Hope blooms anew to light the way.
43,"Autumn's breath turns leaves to gold, a whispered story told,",told,unfold,told,True,True,22,"The moon ascends with silent grace, its silver light unfold."
44,"The shadows stretch where laughter once was bright,",bright,night,light,True,True,41,The echoes fade into the night.
45,"Beneath the canvas of twilight's embrace,",embrace,trace,embrace,True,True,104,"The stars whisper secrets in their soft, silver trace."
48,"Stars map my longing in the heavens’ sly embrace,",embrace,erase,embrace,True,True,51,Moonlight whispers secrets only shadows can erase.
50,"In whispers of light, the soul finds its creed,",creed,seed,creed,True,True,153,"Amidst the shadows, hope plants its seed."
51,"Freedom soars where chains once clung,",clung,sung,clung,True,True,115,Hope is born where courage's sung.
54,"Blossoms bloom where laughter finds its way,",way,day,grey,True,True,88,Whispers of joy on the breeze each day.
56,"Winds of liberty whisper through chains of control,",control,whole,soul,True,True,65,A fire is lit in the hearts of the whole.
57,Whispers of velvet and hues that sing—,sing,cling,sing,True,True,37,A symphony dances where the fireflies cling.
58,"A shadow fades where the flame won’t die,",die,cry,sigh,True,True,44,A whisper lingers where the silent cry.
59,"Whispers through the grass where the wild things dance,",dance,trance,dance,True,True,43,Moonlight paints the shadows in silver trance.
60,"A bond unspoken, yet deep as the sea,",sea,me,sea,True,True,138,A silent devotion that binds you and me.
61,"Whispers of winter melt into the bloom of spring’s embrace,",embrace,chase,embrace,True,True,88,As frost retreats and tender petals chase.
64,"Brushstrokes whisper where the soul once dreamed,",dreamed,seemed,dreamed,True,True,156,Colors fade where silent thoughts had seemed.
65,"In the dance of flaw and flawless light,",light,right,light,True,True,108,We find our truth in what feels right.
66,"Whispers of wind through the ancient oak's embrace,",embrace,trace,embrace,True,True,92,Echoes of time in its gnarled bark's trace.
67,"In mirrored shades where shadow dares to creep,",creep,keep,sweep,True,True,4,The moon whispers secrets that the stars dare not keep.
68,"When whispered vows turn cold as winter skies,",skies,rise,dies,True,True,12,Love's fragile flame can barely rise.
69,"In the rhythm of shared breath, hearts weave a single song,",song,belong,belong,True,True,16,"In the hush where two worlds meet, love is where we belong."
71,"Like thunder chained to silent stone,",stone,alone,stone,True,True,57,"It waits in shadow, cold and alone."
74,"Whispers of wild hearts beat beneath the moon's gentle gaze,",gaze,haze,maze,True,True,91,Echoes of love find their way through the haze.
75,"A heartbeat hums where light once passed,",passed,vast,past,True,True,31,"A shadow lingers, cold and vast."
76,"Colors whisper tales in hues once unknown,",unknown,own,stone,True,True,57,Shadows dance where the light used to own.
80,"I walked through the shadows where childhood once stayed,",stayed,laid,stayed,True,True,36,And found forgotten dreams in the dust where they laid.
82,"Whispers of yesterday dance on the winds of time,",time,rhyme,time,True,True,138,Echoes of our song still linger in the rhyme.
84,"Time’s tapestry threads with echoes of yore,",yore,adore,soar,True,True,91,Weaving the past in patterns we adore.
85,"Justice weeps in shadowed halls,",halls,walls,halls,True,True,86,Where truth is bound by silent walls.
86,"Laughter echoes down the lane where sunlit days once played,",played,swayed,stayed,True,True,69,Whispers of the past still linger where the wildflowers swayed.
87,"The hours drift like autumn leaves in twilight’s gentle stream,",stream,gleam,stream,True,True,25,The silent hush of dusk now wraps the world in softest gleam.
88,"The road unwinds its thread through mist and sun,",sun,done,spun,True,True,86,Each turn a whisper of what's never done.
90,"Through shared beginnings and paths that diverge,",diverge,emerge,diverge,True,True,147,We find in the journey the truths that emerge.
91,"In shadows deep where hope once danced with light,",light,night,light,True,True,87,Whispers of the past still haunt the night.
92,"In shadow's grip, cannon-light whispers of rage,",rage,wage,rage,True,True,113,A storm in the soul where the wounded ones wage.
93,"In laughter’s glow, where trust is sown,",sown,own,stone,True,True,69,"We find our truths, though not our own."
98,"With trembling hands, I reach to light the flame,",flame,name,name,True,True,99,But shadows dance and whisper my name.
99,"Two hearts entwined, a promise made,",made,shade,stayed,True,True,113,"A journey shared, through storms and shade."
100,"In twilight’s hush, where hearts exhale,",exhale,tale,exhale,True,True,108,The moon whispers her silver tale.
101,"The shadows whisper threats they cannot name,",name,flame,name,True,True,8,Echoes of the past in silent flame.
102,"Silhouettes of solitude etched deep in vacant skies,",skies,arise,dies,True,True,6,Whispers of the lost drift by where silent stars arise.
104,"Footprints in the dust of days gone by,",by,die,sigh,True,True,102,Whispers of the past that never die.
105,"The reaper whispers soft through every age,",age,stage,rage,True,True,122,"A silent hymn to life's brief, fleeting stage."
108,"In the shadows, whispers rise—half angel, half abyss,",abyss,bliss,abyss,True,True,101,"A voice both tender and fierce, it sings of love and of bliss."
110,"The scales of justice tremble with truth, while shadows feast on the cries of the unjust,",unjust,trust,unjust,True,True,23,and silence guards the halls where the guilty trust.
113,"Whispers of spring in the thawing snow's breath,",breath,death,breath,True,True,114,Awaken the earth from its slumbering death.
114,"The elder chants as clocks devour time,",time,rhyme,time,True,True,35,The stars above hum softly in rhyme.
115,"Roots whispered in stories older than stone,",stone,known,stone,True,True,7,Leaves hummed songs where the lost and the lone are known.
116,"Silent nights where echoes dwell,",dwell,swell,dwell,True,True,23,Whispers rise where shadows swell.
117,"Amber whispers brush the breeze,",breeze,trees,trees,True,True,142,Silver shadows dance with trees.
118,"Autumn's breath whispers through the trees,",trees,breeze,trees,True,True,67,Leaves in dance upon the breeze.
122,"Thunder roars, but chains remain unbroken—",unbroken,spoken,unbroken,True,True,59,Silent resolve in the storm is spoken.
123,"Winds whisper tales of roads unseen,",unseen,between,unseen,True,True,40,Moonlight paints the paths between.
124,"In the quiet dawn, where prayers and petals rise,",rise,disguise,dies,True,True,147,Whispers of hope in morning's soft disguise.
126,"Whispers of dread in the silence they creep,",creep,deep,sweep,True,True,88,Shadows arise where the nightmares run deep.
127,"In twilight's hush, where shadows dare to speak,",speak,seek,speak,True,True,137,Whispers of the wind begin to seek.
130,"The earth whispers tales through rustling green,",green,seen,unseen,True,True,56,"The moon listens close, though not been seen."
132,"Beneath the brush of dawn’s soft light,",light,white,light,True,True,110,The world is wrapped in hush and white.
133,"The hush of time whispers tales of the old,",old,bold,told,True,True,15,Where shadows dance and the forgotten are bold.
134,"In the quiet space where heartbeats blend,",blend,end,blend,True,True,57,Whispers of love across the end.
135,"Whispers of the past linger where old shadows dance,",dance,trance,dance,True,True,12,Echoes of forgotten hearts still trace the ancient trance.
137,"Amid the throng, a silent storm,",storm,form,storm,True,True,86,"A whispered fear, a trembling form."
138,"Whispers of winds through ancient tree songs flow,",flow,below,glow,True,True,43,Echoes of time in the rustling below.
141,"Winds of freedom whisper where chains forgot to fall,",fall,recall,fall,True,True,91,A silent thunder rolls through the soul's recall.
142,"The scales of justice sway on trembling strings,",strings,sings,strings,True,True,41,With every whisper of the biased winds it sings.
143,"In hues that hum and silence rustles soft,",soft,oft,soft,True,True,124,The moonlight spills where shadowed whispers oft.
144,"In the golden glow of dusk, I chase the echoes of summer's hush,",hush,crush,hush,True,True,93,"With whispers of the wind, it stirs the dreams that time won't crush."
147,"Joy dances bright where kind hearts meet,",meet,beat,deceit,True,True,71,Love lights the way through every beat.
149,"Like morning dew on petals soft and new,",new,through,new,True,True,137,The light of dawn breaks through.
150,"Wings of dawn clash with iron night,",night,light,light,True,True,68,Shadows break beneath the light.
153,"In youth's tender bloom, my heart first knew the name of flame,",flame,blame,name,True,True,87,"But time, with gentle hand, has taught me not to blame."
156,"Two hearts entwined, a vow so true,",true,undo,new,True,True,110,A love that time cannot undo.
157,"A tapestry woven in laughter and tears,",tears,fears,years,True,True,35,A life stitched with joy and with fears.
